titles,content,subject,label
Ex-Slipknot-Schlagzeuger Joey Jordison gestorben,"Joey Jordison, Gründungsmitglied und ehemaliger Schlagzeuger der Metalband Slipknot ist tot. Er starb im Alter von 46 Jahren gestorben, wie seine Familie mitteilte. Seit 2013 war er nicht mehr Teil der Band, die nicht nur für ihren Musikstil sondern ihr Outfit mit Masken bekannt ist. Grund dafür, war, dass er an der Nervenkrankheit transversaler Myelitis litt. Über die Todesursache wurde nichts bekannt. Jordison wurde in Des Moines, Iowa, geboren und spielte in einer Reihe lokaler Bands, bevor er 1995 Slipknot – damals noch unter dem Namen The Pale Ones – beitrat. Jordison benannte die Band nach einem ihrer Songtitel und wirkte bei der ersten Veröffentlichung der Band „Mate. Kill. Feed. Repeat“ mit. Angetrieben von Jordisons rasantem Schlagzeugspiel im Tandem mit Perkussionisten erneuerte die neunköpfige Band mit Dramatik und Erfindungsreichtum in die US-Metal-Szene. Ihr Outfit mit Overalls und Masken war aus Horrorfilmen entlehnt. Jordison benutzte eine ausdruckslose Maske aus dem japanischen Noh-Theater. Ihr selbstbetiteltes Debütalbum wurde im Jahr 2000 mit Platin ausgezeichnet und bildete die Grundlage für das zweite Album Iowa, das als düsteres Meisterwerk des Genres gilt. Jordison wirkte an zwei weiteren Studioalben der Band mit: „Vol. 3: (The Subliminal Verses)“ von 2004 und „All Hope Is Gone von 2008“, dem ersten Album, das die US-Charts anführte. Im Jahr 2005 gewann er mit der Band einen Grammy, der für „Before I Forget“ als beste Metal-Performance verliehen wurde. Nach seinem Ausstieg bei Slipknot schaffte es Jordison mit Therapien und Training wieder musizierne zu können. Er gründete die Bands Scar the Martyr, Vimic und Sinsaenum und setzte sein 2002 begonnenes Nebenprojekt Murderdolls fort. Im Laufe der Jahre spielte er auch live Schlagzeug für Größen wie Metallica, Korn, Satyricon, Ministry und Rob Zombie. Seine Familie schrieb in einer Erklärung: „Wir sind untröstlich über die Nachricht, dass Joey Jordison, ein produktiver Schlagzeuger, Musiker und Künstler, friedlich im Schlaf verstorben ist. (…) Joeys Tod hat uns mit leeren Herzen und unbeschreiblicher Trauer zurückgelassen. Diejenigen, die Joey kannten, wussten um seine Schlagfertigkeit, seine sanfte Persönlichkeit, sein großes Herz und seine Liebe zur Familie und zur Musik.“ red, ORF.at/Agenturen",Religion,True
Bericht: Quarantäne für geimpfte EU-Bürger in England vor Aus,"Vollständig geimpfte EU-Bürger sollen Berichten zufolge bald in England nach der Einreise nicht mehr in Quarantäne gehen müssen. Minister der britischen Regierung wollten heute Details der Regelung diskutieren, wie unter anderem der „Guardian“ berichtete. Premierminister Boris Johnson sei besorgt, sein Land könne seinen „Impfbonus“ einbüßen und hinter Europa zurückfallen, heißt es in der „Times“. In vielen EU-Ländern gelten bereits seit Monaten gelockerte Bestimmungen für geimpfte Reisende. In England hingegen gilt bisher für ausländische Reisende aus Ländern von der „orangen Liste“ in Großbritannien eine strikte Quarantänepflicht. Ankommende müssen sich für mindestens fünf Tage isolieren, auch wenn sie vollständig geimpft sind. Neben EU-Bürgerinnen und -Bürgern sollen die geplanten Erleichterungen den Berichten zufolge auch Reisenden aus den USA zugutekommen. Allerdings ist hierbei noch fraglich, wie ihr Impfstatus nachgewiesen werden muss. Da die CoV-Politik im Vereinigten Königreich Ländersache ist, werden die Regeln zunächst nur für England gelten. Schottland, Wales und Nordirland könnten jedoch folgen. Für Ankommende aus Ländern auf der „roten Liste“, der höchsten Risikokategorie, werden voraussichtlich keine Lockerungen gelten. Sie müssen sich weiterhin auf eigene Kosten für zehn Tage in Hotelquarantäne begeben. red, ORF.at/Agenturen",Religion,True
„Privatalbum“ des Wu-Tang Clan von US-Behörden verkauft,"Ein beim umstrittenen US-Pharmamanager Martin Shkreli bei seiner Verurteilung beschlagnahmtes Album der Rap-Gruppe Wu-Tang Clan, von dem es nur ein einziges Exemplar gibt, ist von US-Behörden weiterverkauft worden. Das Album sei als Teil der Pfandmasse verkauft worden, Käufer und Preis des Werks mit dem Titel „Once Upon a Time in Shaolin“ würden nicht mitgeteilt, hieß es gestern von einem Gerichtssprecher in New York. Shkreli hatte das Album 2015 um rund zwei Millionen Dollar (1,6 Mio. Euro) gekauft – und damit zahlreiche Fans gegen sich aufgebracht und in der Musikszene für viel Kritik gesorgt, da die Veröffentlichung dadurch einem größeren Publikum vorenthalten blieb. Nachdem Shkreli 2018 wegen Wertpapierbetrugs zu sieben Jahren Haft und einer Geldstrafe in Millionenhöhe verurteilt worden war, wurde das Album beschlagnahmt. Mit der drastischen Preiserhöhung bei einem für manche Patienten überlebenswichtigen Medikament gegen Immunschwäche hatte der heute 38-Jährige als Chef einer Pharmafirma viele Menschen gegen sich aufgebracht, zeitweise galt er als „meistgehasster Mann Amerikas“. red, ORF.at/Agenturen",Religion,True
Großbrände in Tirol und der Steiermark,"In Tirol und Steiermark haben Großbrände die Einsatzkräfte gefordert. In Mieders im Stubaital kämpften rund 140 Feuerwehrleute gegen einen Brand in einem ehemaligen Hotel, in der Oststeiermark brach in einem Entsorgungsunternehmen Feuer aus. Mehr dazu in tirol.ORF.at und steiermark.ORF.at",Religion,True
D: Ungeimpfte Reiserückkehrer müssen mit Testpflicht rechnen,"Angesichts rasch steigender Coronavirus-Zahlen in Deutschland verschärft sich die Debatte über neue Maßnahmen zur Eindämmung der Pandemie. Bayerns Ministerpräsidenten Markus Söder sagte, dass die Bundesregierung bereits am 1. August Tests für Einreisende ohne vollen Impfschutz vorschreiben wolle. Bisher hatte es gegen diesen Vorschlag von Gesundheitsminister Jens Spahn (CDU) noch Widerstand in der Bundesregierung und dort vor allem vom SPD-geführten Justizministerium gegeben. Heute stellte sich SPD-Chefin Saksia Esken hinter die Forderung nach einer Testpflicht für Einreisende. SPD-Generalsekretär Lars Klingbeil sagte im ZDF ebenfalls, seine Partei sei dazu bereit. „Der Bund hat uns heute zugesichert, er wird das jetzt bis zum 1.8. alles probieren mit einer einheitlichen Testpflicht nicht nur für Flugreisen, sondern auch beispielsweise für alles, was an normalem Autoweg oder Bahnweg kommt“, hatte Söder gestern Abend in der ARD gesagt. red, ORF.at/Agenturen",Religion,True
Pandemie beschert Techriesen Rekordumsatz,"             Die Pandemie und die damit einhergehenden Veränderungen von Wirtschaft und Alltag haben den IT-Schwergewichten, allen voran Apple, Microsoft und Google-Mutter Alphabet, Rekordzahlen im vergangenen Quartal beschert. Die drei Techriesen erzielten in diesem Zeitraum Gewinne von fast 57 Milliarden Dollar (48,3 Mrd. Euro). Die Aussichten sind aber gebremst.           Alle drei Unternehmen gaben  Dienstagabend nach Börsenschluss die Zahlen bekannt, die noch besser waren, als Analysten erwartet hatten. Bei Google war vor allem die gestiegene Onlinewerbung für die guten Zahlen verantwortlich. Apple profitierte von einem höheren Verkauf von Mac-Computern und iPad-Tablets für das Arbeiten und Lernen von Zuhause. Bei Microsoft sorgte der Cloud-Boom für mehr Geschäft. 36 Prozent mehr Umsatz, insgesamt 81,4 Milliarden Dollar, erzielte Apple im zweiten Quartal im Jahresvergleich. Davon blieb ein Gewinn von 21,7 Milliarden Dollar übrig. Der Umsatz beim iPhone-Geschäft stieg um fast die Hälfte, auch Mac- und iPad-Verkäufe legten zu. Das Wachstum ist laut Apple-Chef Tim Cook auch auf das gute Geschäft in China zurückzuführen. Für das dritte Quartal erwartet Apple wieder ein zweistelliges Wachstum, aber gebremster. Denn besonders Apple bekommt zusehends die Lieferengpässe in der Elektronikbranche zu spüren. Hier fehlen insbesondere Halbleiter. Apple hatte schon für das zweite Quartal aufgrund knapper Bauteile um drei bis vier Milliarden Dollar niedrigere Erlöse erwartet. Die Belastung sei aber geringer ausgefallen, hieß es von Apple-Finanzchef Luca Maestri. Er warnte aber, dass sich die Lieferengpässe im laufenden Quartal stärker auswirken werden. Ungemach droht dem US-Konzern durch das Wettbewerbsrecht. Apple verlangt von App-Anbietern eine Gebühr zwischen 15 bis 30 Prozent des erzielten Umsatzes, beispielsweise beim Abschluss von Abos oder In-App-Käufen. Der „Fortnite“-Macher Epic Games geht dagegen gerichtlich vor. Und auch das Bundeskartellamt will US-Technologiekonzerne wie Apple stärker unter die Lupe nehmen. Eine noch größere Umsatzsteigerung – um 62 Prozent auf rund 61,9 Milliarden Dollar – erzielte Google-Mutter Alphabet im zweiten Quartal. Der Gewinn sprang im Jahresvergleich von sieben Milliarden Dollar auf 18,5 Milliarden. Tragende Säule dieses Wachstums ist die Onlinewerbung bei Googles Suchmaschine. Auch die Videoplattform YouTube konnte ihre Werbeerlöse auf sieben Milliarden Dollar fast verdoppeln. Das Wachstum bei den Werbeausgaben ist vor allem auf den Einzelhandel, die Reisebranche und Finanzdienstleister zurückzuführen, hieß es von Alphabet. Bei den Cloud-Diensten gab es ebenfalls einen Anstieg. Hier liegt Alphabet aber deutlich hinter Amazon und Microsoft. Die „anderen Wetten“ von Alphabet mit potenziellem Zukunftsgeschäft wie selbstfahrende Autos und Lieferdrohnen steigerten den Umsatz von 148 auf 192 Millionen Dollar. Zugleich weiteten sich ihre operativen Verluste auf knapp 1,4 Milliarden Dollar aus. Das waren fast 300 Millionen Dollar mehr als vor einem Jahr. Die Alphabet-Aktie legte dennoch nachbörslich um rund drei Prozent zu. In deren Sog zogen auch die Aktien von Facebook an, das auch einen Großteil seiner Einnahmen mit Werbung erzielt. Die Cloud-Dienste, die Unternehmen und Apps IT-Dienste und Speicherplatz im Netz bieten, ließen die Zahlen von Microsoft steigen. Zwischen April und Juni stieg der Nettogewinn um 47 Prozent auf 16,5 Milliarden Dollar. Die PC-Sparte, zu der neben Windows-Software auch Hardware-Produkte wie die Spielkonsole Xbox und „Surface“-Tablets gehören, legte beim Umsatz um neun Prozent auf 14,1 Milliarden Dollar zu. Dagegen gab der Umsatz mit Inhalten und Diensten für die Xbox-Spielekonsole nach. Das sei ein mögliches Zeichen, dass der Gaming-Boom während der Coronavirus-Pandemie vorbei sein könnte, sagte der Analyst Paolo Pescatore von PP Foresight. Obwohl die Zahlen besser als erwartet ausfielen, reagierte die Aktie nachbörslich zunächst mit deutlichen Kursverlusten. Allerdings legten die Papiere in diesem Jahr bereits um knapp 30 Prozent zu. Angesichts der Marktkapitalisierung von fast 2,2 Billionen Dollar sprechen einige Analysten von einer Überbewertung der Papiere. red, ORF.at/Agenturen",Religion,True
Impfpflicht: Salzburgs Sanitätsdirektorin zurückhaltend,"In der Debatte über eine Coronavirus-Impfpflicht zeigt sich Salzburgs Landessanitätsdirektorin Petra Juhasz zurückhaltend: Sie sieht zwar bei manchen Berufsgruppen eine „moralische Verpflichtung“, sich impfen zu lassen. Eine rechtliche Pflicht fordert sie aber nicht. Mehr dazu in salzburg.ORF.at",Religion,True
Lockdown in Sydney wird verlängert,"Der seit Ende Juni geltende Lockdown in der australischen Metropole Sydney wird um vier Wochen verlängert. „Bitte seien Sie versichert, dass ich genauso verärgert und frustriert bin wie Sie, dass wir die Fallzahlen nicht so herunterbekommen haben, wie wir es gerne hätten“, sagte Regional-Premierministerin Gladys Berejiklian heute. In den vergangenen 24 Stunden sei im Bundesstaat New South Wales eine Rekordzahl von 177 neuen Fällen bestätigt worden, teilten die Behörden mit. Berejiklian machte unter anderem die nur schleppend vorankommende Impfkampagne für die Situation verantwortlich. Sydney an der australischen Ostküste ist vor allem wegen der Ausbreitung der Delta-Variante seit dem 26. Juni im Lockdown. Die Bürgerinnen und Bürger dürfen nur in Ausnahmen ihre Häuser verlassen, die Schulen sind geschlossen. Am Wochenende kam es zu Protesten gegen die strengen Regeln und Zusammenstößen wütender Demonstrierender mit der Polizei. Jedoch kündigte Berejiklian auch eine Lockerung an, die alleinstehende Menschen betrifft: Diese können im Rahmen der „Singles bubble“ (Single-Blase) ab sofort eine Person benennen, die sie regelmäßig zu Hause besuchen darf. Im Bundesstaat Victoria mit der Millionenmetropole Melbourne und in South Australia mit der Stadt Adelaide sind die Beschränkungen hingegen in der Nacht aufgehoben worden. Schulen, Restaurants, Fitnessstudios und Geschäfte dürfen wieder öffnen. Das 25-Millionen-Einwohner-Land hat die Pandemie wegen extrem strikter Regeln bisher gut im Griff. Landesweit wurden rund 33.000 Fälle verzeichnet. 918 Menschen sind in Verbindung mit Covid-19 gestorben. Die Grenzen sind schon seit März 2020 geschlossen. red, ORF.at/Agenturen",Religion,True
Vieles noch offen vor Schulstart in Wien,"In gut einem Monat startet in Wien wieder der Schulbetrieb. Eine der großen Unbekannten ist die Pandemie. Das CoV-Sicherheitskonzept bleibt wohl weitgehend unverändert. Offen ist laut Stadt noch, ob es eine Test- und eine Maskenpflicht geben wird. Mehr dazu in wien.ORF.at",Religion,True
Welterschöpfungstag: NGOs kritisieren „Ausbeutung“,"Mit morgen ist die Menge natürlicher Ressourcen verbraucht, die die Erde im gesamten Jahr regenerieren kann. Der Welterschöpfungstag (Earth Overshoot Day) ist im Vergleich zum coronavirusbedingten leichten Rückgang im Vorjahr dabei wieder auf das Niveau von 2019 gerückt. „Statt eines grünen Neustarts nach der Krise ist nun wieder grenzenlose Ausbeutung an der Tagesordnung“, so Michael Schwingshackl von der Plattform Footprint gemeinsam mit dem WWF Österreich und Global 2000. „Wir schießen immer noch weit über das verträgliche Maß hinaus. Die Welt verbraucht im Jahr 2021 wieder die Ressourcen von mehr als 1,5 Erden. Nach österreichischer Lebensweise sind es sogar etwa 3,5. Eine Menschheit, die innerhalb des ökologischen Budgets bestehen will, muss sich grundsätzlich verändern – den Rahmen dafür muss die Politik vorgeben“, forderten die Umweltschutzorganisationen in einer Aussendung. Der WWF Österreich forderte zudem einen weltweiten Naturschutzpakt und eine enorme Reduktion der Verschwendung von Energie und Ressourcen. „In Österreich wurden jeden Tag durchschnittlich 11,5 Hektar wertvollen Bodens verbaut, weltweit stieg die Zerstörung artenreicher Tropenwälder an und die Überfischung der Meere ging weiter. Die Politik ist auf allen Ebenen gefordert, diese Ausbeutung zu beenden, Ressourcen effizient statt verschwenderisch zu nutzen und das Gleichgewicht zwischen Mensch und Natur wieder herzustellen“, so WWF-Artenschutzexperte Georg Scattolin. „Gerade Österreich hat einen absurd hohen Rohstoffverbrauch, so haben wir unser Kontingent bereits im April aufgebraucht“, unterstrich auch Lena Steger, Ressourcenexpertin bei Global 2000. „Wir müssen endlich die vorhandenen planetarischen Grenzen respektieren und unseren Ressourcenverbrauch drastisch reduzieren.“ Die derzeit in Bearbeitung befindliche Österreichische Rohstoffstrategie 2030 sowie die Kreislaufwirtschaftsstrategie würden einige gute Möglichkeiten bieten, Reduktionsziele politisch zu verankern. Auch Unternehmen sollten Arbeits- und Umweltstandards in ihren Lieferketten gewährleisten. Gemeinsam forderten WWF und Global 2000 mit dem Footprint Network die Bundesregierung auf, längst bekannte Methoden zur Schonung von Ressourcen umzusetzen. Eine Rückkehr nach Covid-19 zur alten Normalität ist für die Menschheit „klar ein Rückschritt in eine Umweltkrise“. red, ORF.at/Agenturen",Religion,True
Wieder Abfahrverbote im Tiroler Außerfern,Ab Samstag wird es im Tiroler Bezirk Reutte auch in diesem Sommer Abfahrverbote auf das niederrangige Straßennetz geben. Das soll die Gemeinden vom Reiseverkehr entlasten. Ausgenommen sind der Anrainerverkehr sowie der Ziel- und Quellverkehr. Mehr dazu in tirol.ORF.at,Religion,True
Weitere Unwetternacht in Oberösterreich,"Eine weitere Unwetternacht haben Oberösterreichs Feuerwehren hinter sich. Betroffen waren dieses Mal laut Landesfeuerwehrkommando vor allem die Bezirke Linz-Land, Wels-Land, Perg und Freistadt sowie die Landeshauptstadt Linz. Mehr dazu in ooe.ORF.at Nach dem schweren Unwetter vor rund zwei Wochen, bei dem vor allem die Tiroler Bezirke Kufstein und Kitzbühel betroffen waren, ist in Kelchsau (Bezirk Kitzbühel) eine neue Brücke über die Ache gesetzt worden. Die Landesstraße war dort von den Wassermassen weggerissen worden. Mehr dazu in tirol.ORF.at",Religion,True
Mariazellerbahn: Weiße Schienen gegen Hitzeschäden,"Lange Hochsommerphasen stellen für die Eisenbahninfrastruktur eine große Herausforderung dar. Denn durch zu große Hitze können sich die Gleise verformen. Auf der Mariazellerbahn werden daher verschiedene Möglichkeiten ausprobiert, um dem entgegenzuwirken, unter anderem weiß lackierte Schienen. Mehr dazu in noe.ORF.at",Religion,True
Wiener Scooter-Sheriffs sollen aufgestockt werden,"Zwei Monate lang ist in der Wiener Innenstadt ein Scooter-Sheriff unterwegs gewesen: Er achtet darauf, dass E-Scooter korrekt geparkt werden oder stellt sie selbst um. Die Wirtschaftskammer Wien zieht nun eine positive Bilanz und will das Projekt im Herbst ausweiten. Mehr dazu in wien.ORF.at",Religion,True
RKI-Papier: Inzidenz bleibt Leitindikator der Infektionsdynamik,"Die Inzidenz sollte nach Ansicht des Robert Koch-Instituts (RKI) weiterhin der Leitindikator für die Infektionsdynamik bleiben. Das geht aus einem Papier hervor, das RKI-Chef Lothar Wieler am Montag bei einer Schaltkonferenz mit den Chefs der Staatskanzleien der Länder präsentierte. „Inzidenz ist Leitindikator für Infektionsdynamik (hohe Inzidenzen haben zahlreiche Auswirkungen)“, heißt es in dem Papier, das der dpa vorliegt und über das zuerst die „Bild“ und „The Pioneer“ berichtet hatten. Die 7-Tage-Inzidenz bleibe wichtig, um die Situation in Deutschland zu bewerten und frühzeitig Maßnahmen zur Kontrolle zu initiieren. Nach Informationen der „Bild“ soll es deshalb in der Schalte zu größeren Diskussionen gekommen sein, weil viele Länder von der Inzidenz als wichtigstem Kriterium abkommen wollen. Zur aktuellen Lage heißt es in dem Papier, dass die Inzidenzen seit rund drei Wochen wieder stiegen, der Anteil der Hospitalisierungen seit rund zwei Wochen. „Die vierte Welle hat begonnen.“ Hohe Impfquoten alleine seien nicht ausreichend, die vierte Welle flach zu halten, heißt es weiter. Zusätzliche „Basisschutz-Maßnahmen“ seien notwendig, um die vierte Welle so zu senken, dass die Patientenzahlen in Krankenhäusern nicht zu hoch würden. Als Maßnahmen nennt das Papier eine Reduzierung der Kontakte sowie eine Reduktion der Mobilität. red, ORF.at/Agenturen",Religion,True
Tausende Forscher warnen erneut vor „Klimanotfall“,"Vor etwa zwei Jahren haben rund 11.000 Wissenschaftlerinnen und Wissenschaftler aus 153 Ländern vor einem weltweiten „Klimanotfall“ gewarnt. Nun erneuern sie ihre Warnung. Veränderungen seien dringender als je zuvor, heißt es in der soeben veröffentlichten Erklärung. Es sind noch weitere 2.800 Unterzeichner hinzugekommen. Mehr dazu in science.ORF.at",Religion,True
Olympia: Liu Jia geht es besser,"Österreichs Tischtennis-Verband hat beim Gesundheitszustand von Liu Jia eine gewisse Entwarnung gegeben. Die 39-Jährige habe keinen weiteren Bandscheibenvorfall erlitten, wie am Dienstag nach ihrem 1:4 im Einzel-Achtelfinale gegen die Südkoreanerin Jeon Jihee vermutet worden war. Mehr dazu in sport.ORF.at/tokyo2020",Religion,True
Vierjähriger aus Fenster abgestürzt,In Koppl im Salzburger Flachgau ist ein Vierjähriger aus einem Fenster im zweiten Stock eines Mehrparteienhauses gestürzt. Er überlebte und wurde vom Team des Notarzthubschraubers Christophorus 6 ins Spital geflogen. Mehr dazu in salzburg.ORF.at,Religion,True
Ankara und Athen am Rande der Eskalation,"Vor einem Monat hatte es noch so ausgesehen, als wären die Türkei und Griechenland bestrebt, ihr zuletzt stark angespanntes Verhältnis zu normalisieren. Davon kann keine Rede mehr sein: Ankara hat den langwierigen Zypern-Konflikt wieder angeheizt, und auch sonst fehlt es nicht an Auseinandersetzungen mit hoher Sprengkraft. Lesen Sie mehr …",Religion,True
Schüsse auf Angreifer: Ermittlungen gegen Polizisten,"Gegen zwei Polizisten, die bei einem Einsatz gestern auf einen Angreifer geschossen haben, wird nun wegen des Verdachts der schweren Körperverletzung ermittelt. In einem ballistischen Gutachten wird geklärt, ob es sich um Notwehr handelte. Mehr dazu in steiermark.ORF.at",Religion,True
Agrarbereich: 763 Mio. Euro an Investitionsprämie ausgeschüttet,"Eine Bilanz der CoV-Unternehmenshilfe der Investitionsprämie im Agrar- und Lebensmittelbereich zeigt, dass in diesem Bereich bisher 73.000 Anträge beim Austria Wirtschaftsservice (aws) eingereicht worden sind. Diese rund 30 Prozent aller Anträge auf eine Investitionsprämie belaufen sich auf 763 Millionen Euro. „Es wurden Investitionen von 8,8 Mrd. Euro ausgelöst“, teilte das Landwirtschaftsministerium der APA mit. Demnach haben alleine Milchviehbetriebe mit rund 8.500 Anträgen fast zehn Prozent aller Gesuche gestellt, was ein sehr hoher Anteil sei. Betriebe mit Schweinehalten stellten rund 2.000 Anträge, Weinbauern rund 1.700. Von gemischten Betrieben kamen rund 43.000 Anträge. red, ORF.at/Agenturen",Religion,True
Mehr Mittel zur Bewältigung psychischer Probleme von Kindern,"Die Bundesregierung stockt angesichts der Pandemie die Mittel zur akuten Bewältigung psychosozialer Probleme von Kindern und Jugendlichen auf. Bis Ende 2022 soll es in diesem Bereich zusätzlich 13 Millionen Euro geben, kündigten Gesundheitsminister Wolfgang Mückstein (Grüne) und ÖVP-Bildungsminister Heinz Faßmann vor dem Sommerministerrat in Reichenau an der Rax an, bei dem unter anderem dieses Vorhaben behandelt werden soll. Besonders Kinder und Jugendliche seien von den „notwendigen, aber einschneidenden Maßnahmen“ im Zuge der Covid-19-Krise stark betroffen gewesen, hieß es aus dem Gesundheitsressort gegenüber der APA. Studien würden zeigen, dass Kinder und Jugendliche psychisch besonders stark unter der Pandemie leiden. Fast jedes dritte Kind zeige psychische Auffälligkeiten. Insbesondere Ängste und Sorgen, depressive Symptome und psychosomatische Beschwerden hätten zugenommen. Die konkreten Umsetzungsschritte arbeitet das Gesundheitsministerium in den kommenden Wochen gemeinsam mit Partnern aus den Bereichen Versorgung und Krankenversicherung unter Einbindung des Österreichischen Bundesverbandes für Psychotherapie (ÖBVP) und des Berufsverbandes Österreichischer PsychologInnen (BÖP) aus. Dabei werde es auch eine „enge Kooperation“ mit dem Bildungs- und dem Jugendressort geben. Denn Bereiche wie die Schulpsychologie und die außerschulische Jugendarbeit seien wichtige Kanäle, über die Jugendliche erreicht und über die künftigen Angebote informiert werden können, hieß es. red, ORF.at/Agenturen",Religion,True
"Haushaltsenergiepreise stiegen im Juni um 12,3 Prozent","Die Preise für Haushaltsenergie sind im Juni deutlich gestiegen und waren um 12,3 Prozent höher als vor einem Jahr. Preistreiber waren Treibstoff und Heizöl, die um mehr als ein Fünftel teurer waren, geht aus dem von der Energieagentur berechneten Energiepreisindex hervor. Etwas gestiegen sind auch die Preise für Strom und Gas. Fernwärme und Pellets waren etwas billiger. Die Pelletspreise seien längerfristig vor allem im Vergleich zu den fluktuierenden Heizölpreisen stabil. Die Inflationsrate lag im Juni im Jahresvergleich bei 2,8 Prozent. „Die Energiepreise waren damit Preistreiber, besonders trifft dies auf Treibstoffe, aber auch auf Heizöl zu“, so die Energieagentur laut Pressemitteilung. Im Vergleich zum Vormonat Mai stieg der Energiepreisindex (EPI) um 0,9 Prozent, der Verbraucherpreisindex (VPI) um 0,5 Prozent. red, ORF.at/Agenturen",Religion,True
Lehrer rechnen mit „hohem Maß an Normalität“ im Herbst,"Auch wenn im Herbst mit einem erneuten Anstieg der Infektionszahlen zu rechnen ist, geht der oberste Lehrergewerkschafter Paul Kimberger (FCG) von einem „hohen Maß an Normalität“ im kommenden Schuljahr aus. Der Umgang mit Infektionsfällen an Schulen bleibe zwar eine große Herausforderung, es gebe aber bessere Werkzeuge und mehr Erfahrung als vergangenen Herbst, und auch die Impfungen würden die Ausgangslage verbessern. Schließungen von Klassen oder Schulen erwartet er dennoch. ÖVP-Bildungsminister Heinz Faßmann wird seine Pläne für das kommende Schuljahr im Detail zwar erst in der kommenden Woche vorstellen, die Eckpunkte sind allerdings schon bekannt: Neben Impfappellen an Lehrpersonal und Eltern setzt er auch auf den verstärkten Einsatz von PCR-Tests, gegebenenfalls auch auf Luftfilter sowie Maskentragen. Zusätzlich sind ein Monitoring des Infektionsgeschehens an den Schulen und ein Frühwarnsystem geplant. Für Kimberger ist das ein gangbarer Weg, um „mit den entsprechenden Sicherheitsmaßnahmen, aber größtmöglicher Normalität“ in das neue Schuljahr zu gehen. Besonders wichtig sei der Lehrervertretung die Sicherheitsphase nach Schulbeginn, in der häufige Tests stattfinden sollen. „Unter diesem Gesichtspunkt können wir – mit der gebotenen Vorsicht, aber doch – zuversichtlich in den Herbst schauen“, so der Gewerkschafter zur APA, der betont, dass die Maßnahmen eng zwischen Gewerkschaft und Ministerium abgestimmt seien. Einer derzeit medial diskutierten Impfpflicht für Lehrerinnen und Lehrer kann Kimberger auch weiter nichts abgewinnen, eine solche ist allerdings in der Regierung derzeit ohnehin nicht angedacht. Die Impfquote unter Lehrern sei bereits sehr hoch, so der Lehrervertreter, laut Hochrechnungen der Gewerkschaft seien in dieser Gruppe 80 Prozent immunisiert. Im Bildungsressort schätzt man, dass 75 Prozent der Lehrerinnen und Lehrer geimpft sind. Offizielle Zahlen zur Impfquote beim Lehrpersonal fehlen unterdessen weiter. In gut einem Monat startet in Wien wieder der Schulbetrieb. Das CoV-Sicherheitskonzept bleibt wohl weitgehend unverändert. Offen ist laut Stadt noch, ob es eine Test- und eine Maskenpflicht geben wird. Mehr dazu in wien.ORF.at red, ORF.at/Agenturen",Religion,True
Suche nach Vermissten in Leverkusen dauert an,"Nach der Explosion in einer Müllverbrennungsanlage im Chempark Leverkusen gestern wird weiter nach Vermissten gesucht. Bei dem Unglück sind nach Angaben des Betreibers vom Dienstagabend mindestens zwei Menschen gestorben und 31 verletzt worden, fünf Beschäftigte werden vermisst. Die Hoffnung, sie lebend zu finden, ist gering. Eine der verletzten Personen schwebt in Lebensgefahr. Die Ursache der Explosion ist noch unklar. Die gewaltige Explosion, die Zeugen zufolge im Umkreis von gut zehn Kilometern zu hören war, ereignete sich nach Angaben des Betreibers im Tanklager des Entsorgungszentrums Bürrig. Eine gewaltige Rauchwolke stieg auf. Die Erschütterung war derart heftig, dass sogar mehrere Stationen des Geologischen Dienstes Nordrhein-Westfalen sie maßen. Unter anderem wurde sie an einer Station in rund 40 Kilometer Entfernung registriert. Nach der Explosion brannte das Tanklager mit Lösungsmitteln stundenlang, ehe das Feuer zu Mittag unter Kontrolle und weitgehend gelöscht war. „Die Löscharbeiten mussten warten, bis eine Stromleitung vom Netz getrennt war“, erklärte die Stadt. Sogar die Feuerwehr im rund 60 Kilometer entfernten Dortmund warnte vor möglichen Geruchsbelästigungen. Nach Angaben des nordrhein-westfälischen Innenministers Herbert Reul (CDU) bestand bei einem zweiten Tank Explosionsgefahr. Der Tank habe 100.000 Liter hochentzündliche, giftige Abfallstoffe enthalten, sagte Reul. Die Feuerwehr habe die Gefahr aber bannen können. Nach Reuls Angaben waren allein 300 Feuerwehrleute im Einsatz. Anrainer waren aufgefordert worden, geschlossene Räume aufzusuchen sowie Fenster und Türen geschlossen zu halten. Erst am Nachmittag hob Leverkusen die Warnung für die meisten Stadtteile wieder auf – nur im besonders betroffenen Stadtteil Bürrig galt sie weiterhin. Wegen des möglichen Schadstoffausstoßes wurden Anrainer zudem vor dem Verzehr von Obst und Gemüse aus dem eigenen Garten gewarnt. red, ORF.at/Agenturen",Religion,True
Assange verliert ecuadorianische Staatsbürgerschaft,"Ein Gericht hat dem Wikileaks-Gründer Julian Assange die ecuadorianische Staatsbürgerschaft entzogen. Bei der Verleihung der Staatsbürgerschaft an den gebürtigen Australier 2017 seien verwaltungsrechtliche Fehler gemacht worden, berichtete die Zeitung „El Comercio“ gestern unter Berufung auf ein Verwaltungsgericht in der Hauptstadt Quito. Assanges Anwalt Carlos Poveda kündigte an, Rechtsmittel gegen die erstinstanzliche Entscheidung einzulegen. Assange wartet derzeit im Londoner Hochsicherheitsgefängnis Belmarsh auf eine Entscheidung über den Auslieferungsantrag der US-Regierung. Die Vereinigten Staaten werfen ihm vor, gemeinsam mit der Whistleblowerin Chelsea Manning geheimes Material von US-Militäreinsätzen im Irak und in Afghanistan gestohlen und auf der Plattform Wikileaks veröffentlicht zu haben. Damit sei das Leben von Informanten in vielen Ländern in Gefahr gebracht worden. Im Falle einer Verurteilung in den USA droht ihm eine langjährige Haftstrafe. Assange war 2012 vor der Auslieferung in Ecuadors Botschaft in London geflüchtet. Dort erhielt er Asyl und 2017 auch die ecuadorianische Staatsbürgerschaft. Die Regierung des südamerikanischen Landes plante damals, Assange einen Diplomatenstatus zu verleihen und ihn so sicher aus der Botschaft bringen zu können. Später kam es allerdings zu Spannungen zwischen Quito und Assange. Die ecuadorianische Regierung kassierte 2019 den Asylstatus wieder und Assange wurde wegen des Verstoßes gegen Kautionsauflagen von der britischen Polizei festgesetzt. red, ORF.at/Agenturen",Religion,True
Ennahda-Partei fordert in Tunesien vorgezogene Neuwahlen,"Nach der Entmachtung der Regierung in Tunesien durch Präsident Kais Saied hat sich die größte abgesetzte Regierungsfraktion zu vorgezogenen Neuwahlen bereit erklärt. „Um des demokratischen Weges willen“ sei sie zu vorgezogenen Parlaments- und Präsidentschaftswahlen bereit, teilte die islamistisch geprägte Regierungspartei Ennahda mit. Sie warnte davor, eine Verzögerung als „Vorwand für die Aufrechterhaltung eines autokratischen Regimes“ zu nutzen. Vor den Wahlen müsse jedoch „das Parlament seine Arbeit wieder aufnehmen und das Militär seine Kontrolle beenden“, sagte der ranghohe Parteifunktionär Noureddine B’Hiri der Nachrichtenagentur AFP. Präsident Saied hatte am Sonntagabend überraschend die Entlassung von Regierungschef Hichem Mechichi sowie die vorläufige Aussetzung der Arbeit des Parlaments verkündet und erklärt, er werde die Regierungsgeschäfte gemeinsam mit einem neuen Regierungschef übernehmen. Vorausgegangen waren Proteste gegen das CoV-Krisenmanagement der Regierung in mehreren tunesischen Städten. Während Saied betonte, sein Handeln stehe im Einklang mit der Verfassung, warf ihm Ennahda einen „Putsch“ vor. Tunesien galt lange als Musterland des „arabischen Frühlings“, der 2011 die Herrschaft von Langzeitmachthaber Zine El Abidine Ben Ali beendet hatte. Allerdings hat es seither in zehn Jahren neun verschiedene Regierungen gegeben. Manche hielten nur wenige Monate, was die dringend nötigen Reformen in Wirtschaft und Verwaltung de facto unmöglich machte. red, ORF.at/Agenturen",Religion,True
Biden: US-Regierung prüft Impfpflicht für Mitarbeiter,"Die US-Regierung erwägt, für ihre mehr als zwei Millionen Mitarbeiter eine Coronavirs-Impfpflicht einzuführen. „Das wird zurzeit geprüft“, sagte US-Präsident Joe Biden auf die Frage einer Journalistin nach einer Impfpflicht für Angestellte des Bundes. „Aber falls Sie nicht geimpft sind, dann sind Sie nicht annähernd so intelligent wie ich dachte“, sagte Biden gestern (Ortszeit) bei einem Besuch des Büros der Geheimdienstkoordinatorin (ODNI) weiter. Der Demokrat Biden hat sich gegen eine allgemeine Impfpflicht ausgesprochen. Die Impfkampagne in den USA tritt inzwischen jedoch auf der Stelle – und das trotz einer Fülle an Impfstoffen und vielen Impfanreizen. Politisch könnte aber selbst eine auf die Angestellten der Regierung begrenzte Impfpflicht heikel werden: Viele Republikaner dürften das als Eingriff in die individuelle Freiheit zurückweisen. Falls die Impfungen damit zum politischen Zankapfel werden sollten, dürfte es noch schwieriger werden, kritische oder zögernde Anhänger der Republikaner zu überzeugen, sich impfen zu lassen. Die US-Behörden empfahl Geimpften indes, in Coronavirus-Hochrisikogebieten innerhalb der USA in Innenräumen wieder Masken zu tragen. Die Gesundheitsbehörde CDC begründete die Empfehlung gestern mit den infolge der hochansteckenden Delta-Variante steigenden Coronavirus-Infektionszahlen. „Für Gebiete mit erheblichen und hohen Übertragungsraten empfiehlt die CDC vollständig Geimpften, in öffentlichen Innenräumen Maske zu tragen“, sagte Behördenleiterin Rochelle Walensky. red, ORF.at/Agenturen",Religion,True
„Das ist doch hanebüchen“,"             Der frühere Verfahrensrichter des BVT-Untersuchungsausschusses, Eduard Strauss, plädiert für eine Ethikkommission, um politisch Handelnde „wachzurütteln“, wie er im Gespräch mit ORF.at betont. Vorschläge, die im Zuge des „Ibiza“-U-Ausschusses ventiliert wurden, sieht der pensionierte Richter skeptisch – auch was einen Livestream angeht.           ORF.at: Herr Strauss, bald wird der „Ibiza“-U-Ausschuss seinen Abschlussbericht vorstellen. Doch neben dem Inhaltlichen wurden auch Debatten über Reformen laut. Braucht der U-Ausschuss eine Generalüberholung?  Eduard Strauss: Es würde schon reichen, wenn die bestehenden Regeln eingehalten werden. ORF.at: Die Verfahrensordnung besteht seit 2015, wurde und wird als Erfolg gefeiert. Sehen Sie das anders?  Strauss: Die Verfahrensordnung ist ein typisches Kompromissprodukt. Die Verhandlungen haben lange gedauert, und das Resultat ist ein Spiegelbild dieser Verhandlungen.  Das Problem ist, dass die Regeln nicht auf Punkt und Beistrich gelebt werden. Der Verfahrensrichter wäre nach meinem Verständnis viel mehr einzubinden, als es in der Realität der Fall ist. Eduard Strauss stammt aus der gleichnamigen Musikerfamilie. Sein Ururgroßvater ist Johann Strauss Vater, sein Urgroßonkel der „Walzerkönig“ Johann Strauss Sohn und sein Vater der Kapellmeister Eduard Strauss. Er selbst schlug eine Karriere in der Justiz ein und war bis zu seiner Pension am Oberlandesgerichts Wien Senatspräsident. Von 2018 bis 2019 war er Verfahrensrichter im BVT-U-Ausschuss. ORF.at: Wurde Ihre Rechtsmeinung im BVT-U-Ausschuss nicht gebührend berücksichtigt?  Strauss: Doch. Also mit der Vorsitzenden (Doris Bures, SPÖ, Anm.) gab es einen sehr guten Austausch. Aber in der Verfahrensordnung heißt es etwa, dass der Verfahrensrichter bei der Vorbereitung des Arbeitsplans unterstützen soll. Nein, das ist nicht passiert. Dann heißt es: Der Verfahrensrichter soll bei der Reihung der Befragung von Auskunftspersonen unterstützen. Nein, auch das ist nicht passiert. Es läuft so ab: Die Fraktionen setzen sich zusammen und erstellen den Arbeitsplan. Dann bekomme ich eine E-Mail: „Sind Sie eh einverstanden?“ Was soll ich sagen? Nein? ORF.at: Es klingt so, als wären Sie als Verfahrensrichter bei den Vorbereitungen gerne mehr eingebunden gewesen.  Strauss: Ich will die Abgeordneten nicht bevormunden, aber ich will Linien hineinbringen. Wo wollt ihr denn überhaupt hin? Was ist das Ziel? Was bringen die Auskunftspersonen? Wäre es nicht gescheit, die Person zu fragen? Die würde vermutlich viel mehr über x oder y wissen als die andere Person. Aber die Beratungen, die in der Verfahrensordnung festgelegt sind, basieren auf dem Prinzip: „Sie sind eh einverstanden, nicht?“ Was ist das für eine Beratung? Es wäre gut, würde man die Verfahrensordnung so leben, wie sie intendiert ist. ORF.at: Soll die Position des Verfahrensrichters bzw. der Verfahrensrichterin aufgewertet werden? Bundeskanzler Sebastian Kurz (ÖVP) schlug etwa vor, dass Richter und Richterinnen die Auskunftsperson befragen.  Strauss: Es ist ein politisches Gremium, und deshalb stellen Abgeordnete die Fragen. Alles andere wäre nicht im Sinne des Erfinders und würde einer parlamentarischen Kontrolle nicht entsprechen. ORF.at: Es wurde auch ventiliert, dass ein oder zwei Richter bzw. Richterinnen den Vorsitz übernehmen sollen.  Strauss: Will man einen U-Ausschuss unter einem richterlichen Vorsitz? Oder soll ein Parlamentarier die Befragungen leiten? Diese Entscheidung wurde schon 2015 gefällt. Es ist ein parlamentarischer U-Ausschuss, dem ein juristischer Berater, ein Aufpasser, wenn man so will, beisitzt. Das finde ich völlig okay. Der Vorsitzende kann sich der Rechtsmeinung des Verfahrensrichters anschließen. Es ist kein Muss, aber in der Regel ist es schon gescheit. ORF.at: Entschlagungen wegen laufender Ermittlungen waren oft der Fall. Sollen U-Ausschüsse erst nach Strafverfahren beginnen?  Strauss: Die Staatsanwaltschaften wären darüber bestimmt glücklich. Denn das wäre nach der schönen und richtigen Rechtsabfolge natürlich super. Entschlagungen wäre wohl kaum mehr so ein großes Thema. Aber bis die Ermittlungen abgeschlossen sind, kann es Jahre dauern. Es würde sich dann niemand mehr dafür interessieren, was vor Jahren auf Ibiza passierte. Ein U-Ausschuss würde wie an den Haaren herbeigezogen wirken. Also so klar und schön dieser Vorschlag ist, so unbrauchbar ist er für den politischen Alltag. ORF.at: Wie halten Sie es mit der Wahrheitspflicht? Die Vorschläge reichten von Abschaffung bei Auskunftspersonen bis zu einer Verpflichtung für Fragesteller.  Strauss: Das ist doch hanebüchen. Erstens: Was bringt ein U-Ausschuss ohne Wahrheitspflicht für Auskunftsperson? Und zum Zweiteren: Ich stelle Fragen, die mir bei der Wahrheitsfindung helfen sollen. Das ist der Zweck von Fragen. ORF.at: Als Verfahrensrichter achten Sie auf die Fragen der Abgeordneten. Fast einhellig vertreten nun die Fraktionen die Meinung, dass der U-Ausschuss öffentlich übertragen werden soll. Damit soll die Befragung nicht nur versachlicht werden, man will auch die Strategien der anderen Fraktionen offenlegen.  Strauss: Nein. ORF.at: Sie sind gegen eine öffentliche Übertagung?  Strauss: Absolut. Wie soll man mit einer öffentlichen Übertragung die Privatsphäre der Auskunftspersonen schützen? ORF.at: Das Argument, dass die Öffentlichkeit sehen muss, wie sich Abgeordnete und Regierungsmitglieder in einem U-Ausschuss verhalten, können Sie nicht nachvollziehen?  So gesehen ist es freilich eine interessante Sache. Aber schauen Sie, ich kann nur aus meiner Erfahrung als Verfahrensrichter im BVT-U-Ausschuss sprechen: Es gab Auskunftspersonen aus der zweiten Reihe, Ermittler und Polizisten, die einfach geschützt werden müssen. Dass sie geladen werden, um Auskünfte zu geben, bedeutet nicht, dass man sie in die Öffentlichkeit zerren muss. Bei einer Abwägung zwischen öffentlichem Interesse an den Umtrieben im U-Ausschuss und dem Schutz der Persönlichkeitsrechte würde ich Letzterem den Vortritt geben. ORF.at: Gehen wir davon aus, dass die Befragung nur bei ranghohen Politikern und Politikerinnen, etwa Regierungsmitgliedern, gestreamt wird.  Strauss: Von mir aus. Aber ich sehe weiterhin die Gefahr, dass Persönlichkeitsrechte nicht geschützt werden können. Ich halte die medienöffentliche Variante schon für sehr gescheit. Die Veröffentlichung wird jenen übertragen, die damit auch Erfahrung haben. ORF.at: Es gab Kritik, dass Chats von Ex-ÖBAG-Chef Thomas Schmid an die Öffentlichkeit kamen, die laut einer Seite privat waren. Die andere widersprach: Die Veröffentlichung war im Sinne des öffentlichen Interesses. Wie lautet Ihre Conclusio?   Strauss: Ich habe lange überlegt und bin zum Schluss gekommen, dass sie nicht privat sind. Es ist schon wichtig, dass die Öffentlichkeit weiß, wie eine Person, die Staatsbeteiligungen verwaltet, moralisch tickt. Aber freilich öffnen die Sicherstellung von Handys und die Weiterleitung von Chats an den U-Ausschuss bestimmte Türen, die man genau beobachten muss. Nicht alles, was abstrakt relevant ist, gehört an die Öffentlichkeit. ORF.at: Die Veröffentlichung liegt allerdings an Leaks und nicht an der Übermittlung an den U-Ausschuss. Die Geheimhaltungspflichten obliegen dem Parlament.  Strauss: Das stimmt natürlich. Aber leider sind Leaks offenbar systemimmanent. Als ich meinen Berichtsentwurf zur BVT-Affäre an den Vorsitz und die Fraktionen abgeliefert habe, wurde mir gleich gesagt, dass er morgen bestimmt in den Medien sein wird. Wenn Chatnachrichten geleakt werden, ist es im Nachhinein zwecklos zu sagen, dass sie eigentlicher privater Natur sind. Gerade deshalb ist es wichtig, dass Medien differenzieren und selektieren. Nicht nur, was muss die Öffentlichkeit erfahren, sondern auch: Was darf sie erfahren? ORF.at: Die Aktenvorlage – insbesondere aus dem Finanzministerium – verlief alles andere als reibungslos …  Strauss: Gleich vorweg: Das war ungehörig. Der U-Ausschuss wurde nicht ernst genommen und das VfGH-Erkenntnis auf extreme Weise ausgereizt. Wenn das Höchstgericht sagt, dass Akten zu liefern sind, weil die Behörde die Nichtvorlage nicht begründen konnte, dann ist zu liefern. Daran gibt es keinen Weg vorbei. ORF.at: Glauben Sie, dass – wie die Opposition behauptet – auf Zeit gespielt wurde?  Strauss: Dazu habe ich keine Wahrnehmung. Es war jedenfalls ungehörig, das Erkenntnis so auszureizen. Grundsätzlich wird die Aktenvorlage zu sehr von Emotionen begleitet. Der Prozess müsste viel ruhiger und abgestimmter funktionieren. Es dominieren aber Konflikte zwischen den Aufklärern und jenen, die für die Aufklärung Akten liefern sollten und vielleicht im Mittelpunkt der Aufklärung stehen. Das tut der ganzen Sache nicht gut. ORF.at: Sie haben ja auch noch einen anderen Vorschlag: Eine Ethikkommission soll mögliche moralische Verstöße untersuchen soll.  Strauss: Manches Verhalten von Politikerinnen und Politikern ist strafrechtlich nicht fassbar, aber sehr wohl moralisch bedenklich. Das könnte man mit einem Ethikkodex und einer Ethikkommission untersuchen und bei Verstößen gegebenenfalls sanktionieren. Meine Überlegung ist, dass man den tagespolitisch brisanten U-Ausschuss ein bisschen zurückdrängt. Wir müssen weg von diesem Hackelschmeißen und gegenseitigen Ladungen, nur um den anderen eines auszuwischen. ORF.at: Wie soll die Ethikkommission aussehen? Parlamentarisch?  Ja, sie soll aus Vertretern der im Parlament vertretenen Parteien bestehen, aber aus mindestens ebenso vielen Ethikern. Mit der Parität und einer notwendigen Zweidrittelmehrheit für bestimmte Beschlüsse verhindert man, dass sich die zwei Gruppen gegenseitig überstimmen. Welche Aufgaben man dieser Ethikkommission zubilligt und mit welchen Sanktionen sie drohen kann, muss man sich genauer überlegen. Aber nur mit dem Zeigefinger zu wackeln und zu sagen, dass das Verhalten gegen ethische Grundsätze verstößt, ist mir zu wenig. ORF.at: Damit ich Sie richtig verstehe: Diese Kommission kann angerufen werden, wenn in einem Untersuchungsausschuss ethisch Bedenkliches passiert?  Strauss: Man könnte diese ganzen Fragen, die man jetzt im U-Ausschuss behandelt, schon im Vorfeld vor diese Kommission stellen. ORF.at: Sie schlagen vor, den U-Ausschuss durch die Ethikkommission zu ersetzen?  Strauss: Wenn die Kommission gut gemacht ist, wird man sich fragen, ob man den U-Ausschuss in dieser Form braucht. Die „Ibiza-Affäre“ ist das beste Beispiel. Vor einer Ethikkommission müssten Personen, die Österreich verkaufen wollen oder Postenschacher par excellence betreiben, mit einigen Sanktionen rechnen. ORF.at: Wenn es eine Ethikkommission gibt, in der auch Ethiker und Ethikerinnen sitzen, dann hat das mit einem parlamentarischen Kontrollgremium nur noch wenig zu tun.  Strauss: Der U-Ausschuss greift meiner Meinung nach zu kurz. Es werden zwar Reformen angestoßen, aber für die Bildung eines moralischen Empfindens ist das zu wenig. Die Affären in den letzten Jahren haben uns gezeigt, dass man politisch Handelnde auf der moralischen Ebene ein bisschen wachrütteln muss. Das Interview führte Jürgen Klatzer (Text), Roland Winkler (Bild), beide ORF.at",Religion,True
Auftritt der Reformideen,"             Kaum ein Untersuchungsausschuss hat so hohe Wellen geschlagen wie jener über die „mutmaßliche Käuflichkeit der ÖVP-FPÖ-Regierung“. Mit dem „Ibiza-Video“ fing es an, mit Chats ging es weiter, und mit einem Endbericht wird die Aufklärung enden. Neben den Befragungen prägten auch Reformideen den U-Ausschuss. Doch die Frage nach Änderungen ist noch lange nicht beantwortet.           Um den U-Ausschuss ist es zwar ruhig geworden. Doch im Hintergrund feilen die Fraktionen und allen voran der Verfahrensrichter an ihren Berichten. Welche Schlüsse ziehen sie aus den Befragungen? Im Fokus wird der Inhalt stehen. Der Frage, wie der U-Ausschuss arbeitete oder ob man diesen nun ändern sollte, wird hingegen kaum nachgegangen. Doch Rufe nach einer Reform des U-Ausschusses überschatteten nicht selten die Arbeit der Abgeordneten: die parlamentarische Kontrolle. Nationalratspräsident und U-Ausschuss-Vorsitzender Wolfgang Sobotka (ÖVP) stellt etwa die Wahrheitspflicht für Auskunftspersonen infrage. Etwas später stellte er klar, dass er nicht für die Abschaffung sei. Sein Kollege, ÖVP-Mandatar Andreas Hanger, forderte eine Wahrheitspflicht für Fragestellende. Und Bundeskanzler Sebastian Kurz (ÖVP) schlug just am Tag seiner Befragung vor, dass Richter und Richterinnen die Fragen stellen sollten. Die Vorsitzfrage und die Forderung nach Livestreaming der Befragungen waren ebenfalls omnipräsent. Will man die Verfahrensordnung für U-Ausschüsse ändern, betrifft das die Geschäftsordnung des Nationalrats. Novellen können also nur von den Abgeordneten selbst initiiert werden. Neben Zeit wird auch eine Zweidrittelmehrheit benötigt. Usus ist sogar, dass unter den Parteien Einstimmigkeit erzielt wird. So votierten 2014 fünf der sechs Klubs für die neue Verfahrensordnung, die den U-Ausschuss als Minderheitsrecht gesetzlich verankerte. Die Verfahrensordnung gilt auch heute noch als Meilenstein, für den früheren Verfahrensrichter Eduard Strauss ist sie ein „typisches Kompromissprodukt“. Der mittlerweile pensionierte Richter beriet 2018 als Verfahrensrichter im BVT-U-Ausschuss die Vorsitzende Doris Bures (SPÖ) und lernte die Verfahrensordnung besser kennen. Das Problem seien allerdings gar nicht die Regeln, sondern dass diese „nicht auf Punkt und Beistrich gelebt“ werden, sagte Strauss. Zwar sei seine Rechtsmeinung während der Befragung, wie rechtlich vorgesehen, gebührend berücksichtigt worden. Doch die Vorbereitungen hätten ohne seine Expertise als Richter stattgefunden. In dieser Phase des U-Ausschusses wären die Beratungen dem Prinzip „Sie sind eh einverstanden, nicht?“ gefolgt. Strauss hätte gerne mehr unterstützend eingegriffen, etwa bei der Erstellung des Arbeitsplans und bei der Reihung der Auskunftspersonen. Er möchte niemanden bevormunden, „aber ich will Linien hineinbringen. Wo wollt ihr denn überhaupt hin?“, sagte der Jurist. Klar ist aber, dass der U-Ausschuss ein politisches Gremium ist. Die Abgeordneten sollen Fragen stellen, und der Vorsitz soll in den Händen des Parlaments bleiben. „Alles andere wäre nicht im Sinne des Erfinders.“ Auch Politologin Tamara Ehs erinnerte daran, dass der U-Ausschuss ein politisches und kein richterliches Kontrollinstrument ist. „Das sind nicht bloß zwei Paar Schuhe, sondern unterschiedliche Gewalten im Staatsaufbau“, sagte sie im Gespräch mit ORF.at. Der Vorsitzende bzw. die Vorsitzende solle daher auch aus den Reihen der Abgeordneten kommen. Die Demokratieforscherin könnte sich aber vorstellen, dass der Vorsitz rotierend gestaltet wird. Nicht nur Nationalratspräsidenten sollen sich abwechseln, sondern auch die Klubchefs. Seit 2015 sitzt der Nationalratspräsident bzw. die -präsidentin dem U-Ausschuss vor. Als Vertretung fungieren die zwei nachgereihten Nationalratspräsidenten. Sie sind keine U-Ausschuss-Mitglieder und nicht stimmberechtigt. Vor der Reform 2015 war das anders. Aus den Reihen der U-Ausschuss-Mitglieder wurde ein Obmann bzw. eine Obfrau gewählt – in Deutschland ist das heute noch der Fall. Bei einem Wien-Besuch 2014 nannte der deutsche Bundestagspräsident Norbert Lammert (CDU) die damals kursierende Idee, dass der Vorsitz dem Nationalratspräsidenten übertragen wird, „abwegig“. Die Vorsitzfrage ist im Zuge des „Ibiza“-U-Ausschusses in den Fokus gerückt. Für die Opposition war Nationalratspräsident Sobotka wegen seiner Kontakte mit Novomatic-Vertretern (Stichwort Alois-Mock-Institut) befangen und verzögere mit seiner Verfahrensführung die Befragungen. Der ÖVP-Politiker widersprach und ließ sich nur dann vertreten, wenn er verhindert war. Sobotka ließ aber anklingen, dass künftig ein Richter übernehmen könnte. Bures lehnte die Idee ab: Ein U-Ausschuss müsse von einem Parlamentarier geleitet werden. Geprägt waren die Befragungen von laufenden Ermittlungen und infolgedessen von Entschlagungen. Um dem entgegenzuwirken, wurde vorgeschlagen, dass der U-Ausschuss erst nach den Verfahren starten solle. „So klar und schön dieser Vorschlag ist, so unbrauchbar ist er für den politischen Alltag“, so Strauss. Die Staatsanwaltschaften wären „bestimmt glücklich“ darüber. Aber bis Ermittlungen abgeschlossen sind, können Jahre vergehen, und ein U-Ausschuss würde so auf die lange Bank geschoben werden. „Es würde sich niemand mehr dafür interessieren, was vor Jahren auf Ibiza passierte“, sagte Strauss. Besteht kaum Interesse am U-Ausschuss, könnte auch eine öffentliche Debatte über das politische Verhalten ausbleiben. Andererseits wird wegen laufender Ermittlungen ein „Tribunal“ beklagt. Von einem „Skandalisierungsinstrument der Opposition“ ist die Rede. Politologin Ehs sieht das anders. „In einer Demokratie muss man es aushalten, dass in einem Untersuchungsausschuss personelles oder institutionelles Fehlverhalten aufgedeckt wird“, sagte sie. In Österreich sei das lange nicht der Fall gewesen. Erst mit der U-Ausschuss-Reform 2015 habe das Parlament eine stärkere Kontrollmacht erhalten. „Das ist neu für unser politisches System, und man muss es offenbar erst lernen auszuhalten“, so die Forscherin. Denn grundsätzlich habe das Parlament wenig institutionelles Selbstvertrauen, und durch die engen Verschränkungen von Regierung und Mehrheitsparteien könnten Abgeordnete kaum eigene Akzente setzen. Mit der Kontrollmacht habe sich schon einiges in Richtung stärkeres Parlament verändert. Doch es brauche noch mehr Bemühungen, um das Hohe Haus zu stärken. Strauss schlägt etwa eine eigene Ethikkommission im Parlament vor. „Manches Verhalten von Politikerinnen und Politikern ist strafrechtlich nicht fassbar, aber sehr wohl moralisch bedenklich. Das könnte man mit einem Ethikkodex und einer Ethikkommission untersuchen und bei Verstößen gegebenenfalls sanktionieren“, so der Ex-Verfahrensrichter. Die Ethikkommission, die als Denkanstoß zu verstehen sei, soll aus Vertretern der im Parlament vertretenen Parteien und aus mindestens ebenso vielen Ethikern bestehen. Um zu verhindern, dass eine Gruppe die andere überstimmt oder es zu einem Patt kommt, soll für Beschlüsse eine Zweidrittelmehrheit notwendig sein. Welche Aufgaben und Sanktionsmöglichkeiten man der Kommission zubilligt, müsse man sich überlegen. „Aber nur mit dem Zeigefinger zu wackeln und zu sagen, dass das Verhalten gegen ethische Grundsätze verstößt, ist mir zu wenig“, betonte Strauss. Der Grund für den Vorschlag: Der U-Ausschuss würde in dieser Frage zu kurz greifen. Er stoße dank seiner Ergebnisse zwar ein paar Reformen in der Verwaltung an, aber für die „Bildung eines moralischen Empfindens“ sei das zu wenig. „Die Affären in den letzten Jahren haben uns gezeigt, dass man politisch Handelnde auf der moralischen Ebene ein bisschen wachrütteln muss.“ Jürgen Klatzer (Text), Lukas Krummholz, Carina Kainz, Roland Winkler (Bild), alle ORF.at",Religion,True
Drei Schuld- und zwei Freisprüche in Wiener Terrorprozess,"Am Wiener Landesgericht ist der Prozess gegen fünf Angeklagte, die sich für die radikalislamistische Terror-Miliz „Islamischer Staat“ betätigt haben sollen, mit Schuld- und Freisprüchen zu Ende gegangen. Zwei mutmaßliche Foreign Terrorist Fighters erhielten 6,5 bzw. 4,5 Jahre Haft, der bereits rechtskräftig zu 20 Jahren Haft verurteilte ehemalige „Hassprediger“ Mirsad O. alias Ebu Tejma wurde ohne Strafe schuldig und die beiden Ehefrauen der Erstangeklagten freigesprochen. Die Urteile, die sich auf den Wahrspruch der Geschworenen begründen, sind nicht rechtskräftig. Mehr dazu in wien.ORF.at red, ORF.at/Agenturen",Religion,True
Olympia: Judo-Mitfavoritin Polleres bleibt gelassen,"„Es ist ihre Ruhe, die mich manchmal aus der Ruhe bringt“, sagte Nationaltrainerin Yvonne Bönisch über Michaela Polleres. Zugleich weiß die Deutsche auch, dass genau das eine der Stärken der Kämpferin bis 70 kg ist. Beim Olympiaturnier in Tokio bekommt die WM-Dritte von Budapest am Mittwoch (ab 04.00 Uhr MESZ) die Chance, das auf der Matte zu beweisen. Mehr dazu in sport.ORF.at/tokyo2020",Religion,True
Olympiacenter: Tag fünf in Tokio,"Der fünfte Wettkampftag bei den XXXII. Olympischen Sommerspielen in Tokio wird am Mittwoch um 1.10 Uhr mit den Ruderbewerben eröffnet. In diesen werden ab 2.18 Uhr (jeweils MESZ) auch die ersten Medaillen des Tages vergeben. Insgesamt stehen 23 Entscheidungen auf dem Programm. Österreicherinnen und Österreicher sind in den Sportarten Judo, Segeln, Kanu, Rad und Schwimmen im Einsatz. Mehr dazu in sport.ORF.at/tokyo2020",Religion,True
Die Lücken in der Genfer Flüchtlingskonvention,"             Vor 70 Jahren ist die Genfer Flüchtlingskonvention verabschiedet worden. Heute gibt es neue Phänomene wie massenhafte Flucht vor Krieg und Klimakatastrophen. Forderungen werden immer wieder laut, die Konvention zu reformieren. Doch das ist aus heutiger Sicht unwahrscheinlich.           Pushbacks, also das Zurückdrängen von Menschen an den Grenzen Europas, große Zahlen von Kriegsflüchtlingen, die in der EU Schutz suchen, Wirtschaftsmigranten, die Asyl beantragen, das Fehlen eines Verteilungsmechanismus auf EU-Ebene: Das Asylwesen müsse reformiert werden, darüber sind sich Politikerinnen und Politiker aller Couleur spätestens seit dem Jahr 2015 einig, doch nicht über das Wie. Auch an der 1951 verabschiedeten Genfer Flüchtlingskonvention, die bis heute das wichtigste internationale Dokument für den Schutz von Geflüchteten und Grundlage für Asylgesetze auf der ganzen Welt ist, scheiden sich die Geister. Während Befürworter einer liberaleren Asylpolitik für eine Ausweitung der Flüchtlingskonvention plädieren, wollen Anhängerinnen und Anhänger einer restriktiven Asylpolitik angesichts großer Flucht- und Migrationsbewegungen Schutzbestimmungen enger auslegen – etwa auf Flucht „nur in ein Nachbarland“, sagt der Völkerrechtsexperte Ralph Janik zu ORF.at. „Die zwei Fronten gibt es.“ Vor 70 Jahren wurde die Genfer Flüchtlingskonvention verabschiedet. Immer wieder gibt es Stimmen, die sagen, das Abkommen müsse reformiert werden. Ist die Konvention noch zeitgemäß? Die Geschichte der Konvention ist eng mit den Schrecken des Zweiten Weltkriegs verbunden und den Erinnerungen an eine Zeit, in der Geflüchtete aus dem Deutschen Reich im Krieg an der Grenze zur Schweiz standen und nicht reingelassen wurden. Und nach dem Krieg irrten Millionen Menschen, vertrieben aus ihrer Heimat, durch das kriegsgebeutelte Europa. Um diesen Menschen Schutz zu bieten, verabschiedete die junge internationale Staatengemeinschaft 1951 die Genfer Flüchtlingskonvention, die erstmals genau definierte, wer ein Flüchtling ist und sowohl die Rechte als auch die Pflichten von Flüchtlingen festlegte. 1967 wurde die Konvention ergänzt: Die zeitliche und räumliche Einschränkung auf Flüchtlinge aus dem Zweiten Weltkrieg fiel. Die Konvention ermöglichte es nun Geflüchteten aus der ganzen Welt, Schutz zu bekommen. In der Wissenschaft und der Politik werde schon lange „immer wieder davon gesprochen“, dass man die Genfer Flüchtlingskonvention mittlerweile „generalüberholen müsste“, sagt Janik. Das betrifft etwa die Anpassung der Definition eines Flüchtlings, denn Fluchtgründe haben sich geändert. So fliehen heute Menschen etwa auch, weil sie wegen ihrer sexuellen Orientierung bedroht sind. Laut Konvention ist ein Flüchtling, wer „aus Gründen seiner Rasse – das ist der Begriff, der dort verwendet wird –,  sozialen Gruppe, politischen Einstellung, Nationalität oder Religion individuell verfolgt wird“, sagt Janik. Das Kriterium der individuellen Verfolgung sei eines, „das oft auch problematisiert wird“. Oftmals seien Menschen nicht „gezielt in seinem oder ihrem Heimatland verfolgt“. Das sei bei vielen Kriegsflüchtlingen der Fall. Das zeigte sich schon beim Jugoslawien-Krieg in den 1990er Jahren sowie seit 2011 beim Krieg in Syrien. „Da geht es nicht immer darum, dass jemand dezidiert von Assad (Syriens Präsident Baschar al-Assad, Anm.) verfolgt wird oder von anderen terroristischen Gruppen, sondern einfach, weil die allgemeine Lage in Syrien so unsicher ist, dass man sagen muss, man muss jemandem trotzdem Schutz gewähren“, so Janik. Auch wenn die Flucht vor einem Krieg per se in der Flüchtlingskonvention nicht als Fluchtgrund festgeschrieben wurde, seien Staaten dazu übergegangen, Menschen nicht in ein Land abzuschieben, in dem Krieg herrscht, sagt Janik. Durch die Praxis von Gerichten habe zudem eine gewisse Neuinterpretation der Konvention stattgefunden. So seien einige in der Genfer Flüchtlingskonvention genannte Gründe sehr weit ausgelegt worden. Ruth Schöffl, Sprecherin des UNO-Flüchtlingshochkommissariat Österreich (UNHCR), sagt im Gespräch mit ORF.at, die Konvention habe sich über die Jahrzehnte als „sehr flexibel erwiesen“. Fluchtgründe, „an die man früher gar nicht gedacht hat, zum Beispiel bei Kindersoldaten oder Genitalverstümmelung von Mädchen“ könne die Flüchtlingskonvention dennoch abdecken. 1990 schätzte der Weltklimarat (IPCC) die zu erwartende Zahl von Klimaflüchtlingen auf 150 Millionen bis zum Jahr 2050. In einer Studie bezifferte die Umweltorganisation Greenpeace im Jahr 2007 die Zahl schon mit 200 Millionen, allerdings bereits bis 2040, und kritisierte, dass sich Industrienationen von Klimaflüchtlingen abschotten würden. Die Ausweitung der Genfer Flüchtlingskonvention auf Klimaflüchtlinge wurde gefordert. Dass Menschen vor den Auswirkungen klimatischer Veränderungen fliehen, etwa wenn jemand in einem Staat lebt, „der davon bedroht ist unterzugehen“, wie Janik sagt, könne von der Konvention nicht abgedeckt werden. Dass sich Staaten mit der Frage, wie mit Klimaflüchtlingen umgegangen werden soll, auseinandersetzen werden müssen, scheint dennoch nur eine Frage der Zeit zu sein. Vergangenes Jahr erklärte der UNO-Menschenrechtsausschuss, Klimaflüchtlingen dürfe das Recht auf Asyl nicht verweigert werden, wenn ihr Leben in Gefahr sei. Für eine Eingrenzung der Flüchtlingskonvention sprach sich in Österreich etwa FPÖ-Obmann Herbert Kickl mehrfach aus. Er forderte eine Reform der Flüchtlingskonvention, durch die ein Asylwerber nur Anspruch auf Asyl habe, wenn er nicht durch ein „sicheres Drittland“ durchgereist sei. Auch aus Dänemark kam 2015 ein solcher Vorstoß, sagt Janik. Australien sagt schon seit sehr langer Zeit, dass es Anpassungsbedarf bei der Konvention gebe. Es wird nicht zuletzt infrage gestellt, ob die Konvention den Herausforderungen im Flüchtlingswesen der Gegenwart noch gewachsen ist. Die Konvention hat bisher zum Schutz von mehr als 50 Millionen Menschen beigetragen. UNHCR-Sprecherin Schöffl sieht die von 149 Staaten unterzeichnete Konvention als „zeitgemäß“ an. Auf ihrer Grundlage erhielten jedes Jahr „Hunderttausende Menschen“ Schutz. „Sie kann noch viele Menschen schützen“, sagt Schöffl. Es sei ein großer Meilenstein der Konvention, „dass Menschen um Schutz ansuchen und diesen auch bekommen können“ und „niemals in ein Land zurückgeschickt werden dürfen, wo ihnen Verfolgung droht“. Wer Anspruch auf Asyl habe, das müsse von den Staaten aus Basis der Asylgesetze „geprüft“ werden. Daher seien die Pushbacks „das Schlimmste, was wir derzeit sehen“. Lösungen für Fragen der Wirtschaftsmigration oder der Klimaflucht könnten von der Solidargemeinschaft auch außerhalb der Flüchtlingskonvention angegangen werden. Vor 70 Jahren wurde die Genfer Flüchtlingskonvention aus der Taufe gehoben. Migrationsexperte Gerald Knaus erklärt im ZIB2-Interview ihre heutige Bedeutung und warum eine Erneuerung des EU-Türkei-Flüchtlingsabkommens notwendig sei. Die letzte Anpassung des internationalen Abkommens gab es jedenfalls 1967. Eine Adaptierung der Konvention hält Völkerrechtsexperte Janik für höchst unwahrscheinlich. Der politische Wille fehlt, zu unterschiedlich seien die Interessen der Staaten, und sie seien zudem „verpflichtungsmüde“. Es sei immer schwieriger, globale Verträge mit echten Verpflichtungen und nicht nur Absichtserklärungen zu schließen. Zwar würden Staaten heute betonen, wie wichtig die Zusammenarbeit bei Flucht und Migration sei, doch „wenn es wirklich ans Eingemachte geht – einen Vertrag, eine Definition finden, Verpflichtungen festlegen, auf die sich alle einigen können –, sieht es anders aus“, so Janik. Das habe man schon bei der Diskussion über den großen UNO-Migrationspakt gesehen, den die Staaten lange gemeinsam verhandelten und gegen den dann mehrere, auch Österreich, mobilmachten. Dabei sei bei dem Pakt von Anfang an klar gewesen, dass er „nicht verpflichtend“ sei. Janik: „Deswegen bin ich sehr skeptisch, dass es gelingen könnte, die Genfer Flüchtlingskonvention zu reformieren, wie das in der Vergangenheit passiert ist.“ Es sei auch nicht zwingend notwendig. Denn andere Verträge, wie etwa die Europäische Menschenrechtskonvention, hätten hier und dort Lücken gefüllt, die die Genfer Flüchtlingskonvention aufweise. Tatsächlich warnt Schöffl sogar davor, die Flüchtlingskonvention „aufzumachen“, aus Sorge, sie nicht mehr „zuzubekommen“. Es habe viel Arbeit und Mühe bedurft „möglichst viele Staaten zu motivieren, sie zu unterschreiben, sie einzuhalten, den Flüchtlingsschutz hochzuhalten“, sagt Schöffl. Sie erinnert daran, dass die Konvention „stark im Lichte dieser Schrecken des Zweiten Weltkriegs verabschiedet“ wurde. „Da gab es ein großes Bestreben der jungen Staatengemeinschaft, Flüchtlingen aufgrund dieser düsteren Ereignisse des Weltkrieges Schutz zu geben.“ Heute ist die Situation eine andere. Schöffl: „Wenn wir uns die Bestrebungen von manchen Staaten anschauen, den Flüchtlingsschutz zurückzudrängen, dann muss ich sagen, sind wir als UNHCR ein bisschen skeptisch, ob man es schaffen könnte, so viele Staaten wieder dazu zu bewegen, gemeinsam eine starke Konvention zu verabschieden.“ Clara Akinyosoye, ORF.at (Video und Text)",Religion,True
Olympiasiegerin Kiesenhofer in Wien-Schwechat empfangen,Anna Kiesenhofer ist nach ihrem Goldcoup bei den Olympischen Spielen in Tokio wieder nach Österreich zurückgekehrt. Die Niederösterreicherin landete gestern um 21.15 Uhr auf dem Flughafen Wien-Schwechat. Mehr dazu in noe.ORF.at,Religion,True
Bosnien: Serben rebellieren gegen „Genozid-Gesetz“,"Vertreter der bosnischen Serben haben einen Boykott aller wichtigen Institutionen des Landes angekündigt. Damit droht Bosnien und Herzegowina der politische Stillstand. Hintergrund ist eine Verfügung des internationalen Bosnien-Beauftragten, Valentin Inzko, welche die Leugnung von Völkermord unter Strafe stellt. Lesen Sie mehr …",Religion,True
Nach Unwettern: Behelfsbrücke im Tiroler Kelchsau steht,"Nach dem schweren Unwetter vor rund zwei Wochen, bei dem vor allem die Bezirke Kufstein und Kitzbühel betroffen waren, ist gestern in Kelchsau (Bezirk Kitzbühel) eine neue Brücke über die Ache gesetzt worden. Die Landesstraße war dort von den Wassermassen weggerissen worden. Mehr dazu in tirol.ORF.at",Religion,True
Plus 57 Prozent: Umsatzsprung bei Google-Mutter Alphabet,"Sprudelnde Werbeeinnahmen haben dem Google-Mutterkonzern Alphabet zu einem Umsatzsprung verholfen. Die Erlöse im zweiten Quartal stiegen währungsbereinigt um 57 Prozent auf 61,9 Milliarden Dollar (rund 52 Mrd. Euro), wie der weltgrößte Suchmaschinenanbieter gestern nach US-Börsenschluss bekanntgab. Das war deutlich mehr als von Analysten erwartet. Der Gewinn legte noch stärker zu. Von April bis Juni kam Alphabet auf ein Nettoergebnis von 18,53 Milliarden Dollar nach 6,96 Milliarden Dollar im Vorjahreszeitraum. Firmenchef Sundar Pichai begründete die Entwicklung mit nochmals gestiegenen Onlineaktivitäten der Verbraucher und einer allgemeinen Stärke im Anzeigengeschäft. Nach wie vor ist Onlinewerbung in Googles Suchmaschine und anderen Bereichen die tragende Säule des Geschäfts. Googles Werbeerlöse stiegen im zweiten Quartal um rund 69 Prozent auf gut 50,4 Milliarden Dollar. Die Videoplattform YouTube brachte dabei sieben Milliarden Dollar ein – nach 3,8 Milliarden Dollar vor einem Jahr. Der Umsatz mit Cloud-Diensten von Google stieg um mehr als die Hälfte auf 4,6 Milliarden Dollar. Ein höher als von Experten zuvor erwartetes Plus gibt es auch beim Umsatz des Softwarekonzern Microsoft. Der Gesamtumsatz lag bei 46,2 Milliarden Dollar (rund 39 Mrd. Euro), ein Plus von 21 Prozent, wie der weltgrößte Softwareanbieter gestern mitteilte. Experten hatten Reuters-Angaben zufolge 44,2 Milliarden Dollar erwartet. Die Cloud-Sparte Azure wies ein Umsatzwachstum von 51 Prozent auf. Hier hatten Analysten um die 43 Prozent erartet. Ein boomendes China-Geschäft und eine rege Nachfrage nach 5G-fähigen iPhones haben bei Apple für klingende Kassen gesorgt. Der Umsatz kletterte Konzernangaben zufolge in den drei Monaten zum 26. Juni um 36 Prozent auf 81,4 Mrd. Dollar (69 Mrd. Euro). Neben dem langjährigen Bestseller iPhone kamen auch Dienstleistungen wie das Streamingangebot Apple + besonders gut an. Firmenchef Tim Cook sagte Reuters, mittlerweile komme der Konzern auf 700 Mio. Bezahlkunden über seine verschiedenen Plattformen nach 660 Millionen im Vorquartal. Besonders gut schnitt Apple in China ab: „Es war nicht nur das iPhone“, sagte Cook. Es habe auch einen Quartalsrekord beim Mac, bei Wearables und bei Dienstleistungen gegeben. Kunden kombinierten ihr iPhones gern mit der Apple Watch. Im dritten Geschäftsquartal seien die Umsätze in China um 58 Prozent auf 14,76 Milliarden Dollar gestiegen. red, ORF.at/Agenturen",Religion,True
Maskenempfehlung für Geimpfte in USA,"Die US-Behörden haben Geimpften empfohlen, in Coronavirus-Hochrisikogebieten innerhalb der USA in Innenräumen wieder Masken zu tragen. Die Gesundheitsbehörde CDC begründete die Empfehlung gestern mit den infolge der hochansteckenden Delta-Variante steigenden Coronavirus-Infektionszahlen. „Für Gebiete mit erheblichen und hohen Übertragungsraten empfiehlt die CDC vollständig Geimpften, in öffentlichen Innenräumen Maske zu tragen“, sagte Behördenleiterin Rochelle Walensky. Die Wirksamkeit der Impfstoffe sei auch bei der Delta-Variante hoch, so Walensky. Neuere Daten deuteten jedoch darauf hin, „dass in seltenen Fällen einige Geimpfte ansteckend sein und das Virus auf andere übertragen können“. Die CDC-Chefin bezeichnete die neuen wissenschaftlichen Erkenntnisse als „besorgniserregend“. Weite Teile des Südens der USA weisen laut Daten der CDC eine erhebliche bzw. hohe Übertragungsrate auf. Im Nordosten des Landes, wo die Impfrate höher ist, fällt sie hingegen niedriger aus. Die Delta-Variante ist inzwischen für rund 90 Prozent der Infektionsfälle verantwortlich. 49 Prozent der US-Bevölkerung sind bisher vollständig geimpft. red, ORF.at/Agenturen",Religion,True
Stmk.: Großeinsatz bei Brand in Entsorgungsunternehmen,"Bei einem Entsorgungsunternehmen in der Oststeiermark ist gestern Abend ein Brand ausgebrochen. Knapp 170 Feuerwehrleute waren bis in die Nacht hinein im Einsatz, um das Feuer mit Schaum in den Griff zu bekommen. Mehrere Wehren, darunter auch die Berufsfeuerwehr Graz mit Spezialgeräten, waren im Einsatz. Eine Gefahr für die Umwelt und die Anrainer bestehe nicht, versicherte die Feuerwehr gegenüber der APA. Ursache für den Brand dürfte Selbstentzündung gewesen sein. red, ORF.at/Agenturen",Religion,True
Brexit-Streit: Brüssel prüft Vorschäge aus London,"Brüssel verzichtet im Brexit-Streit über das Nordirland-Protokoll zunächst auf weitere juristische Schritte gegen Großbritannien. Damit werde der britischen Bitte um einen Stopp zugestimmt, sagte eine Sprecherin der EU-Kommission gestern. Nun werde man intern und auch zusammen mit dem EU-Parlament die Vorschläge aus London prüfen. Die britische Regierung fordert eine neue Vereinbarung zu ihrer Provinz Nordirland, was die EU ablehnt. Das bisherige Protokoll soll durch weiter offene Grenzen zu Irland den Frieden dort sichern und zugleich den EU-Binnenmarkt schützen. Aus der nordirischen Wirtschaft kommen jedoch Klagen über Handelshindernisse. red, ORF.at/Agenturen",Religion,True
WTO weiter uneins über Aussetzung der Impfstoffpatente,"Die Mitgliedsstaaten der Welthandelsorganisation (WTO) sind weiter uneins über eine Aussetzung der Patente für Coronavirus-Impfstoffe. Ein Ende der Diskussionen sei nicht absehbar, sagte WTO-Sprecher Keith Rockwell gestern nach mehrstündigen Beratungen des Allgemeinen Rats der WTO in Genf. Das Thema sei „sehr emotional“ und „zu wichtig“. Die WTO-Miglieder wollen Anfang September bei einem informellen Treffen erneut beraten, bevor am 13. und 14. Oktober ein weiteres formelles Treffen stattfindet. Indien und Südafrika hatten im Oktober eine vorübergehende Aussetzung des Patentschutzes bei den Vakzinen vorgeschlagen, um die Produktion von CoV-Impfstoffen in Entwicklungsländern zu beschleunigen und der ungleichen Verteilung von Impfstoffen entgegenzuwirken. Pharmakonzerne und die Länder, in denen sie angesiedelt sind, argumentieren, Patente seien nicht das Haupthindernis bei der Erhöhung der Produktion. Zugleich warnen sie, dadurch würden Innovationen ausgebremst. Die 164 WTO-Staaten müssen alle Entscheidungen im Konsens treffen. Nach Angaben Rockwells waren sich alle über die Notwendigkeit einer schnellen Produktionssteigerung bei den Impfstoffen einig. Uneinigkeit habe es in der Frage gegeben, wie dieses Ziel erreicht werden könne. red, ORF.at/Agenturen",Religion,True
Abrüstungsgespräche: USA und Russland verhandeln in Genf,"Sechs Wochen nach dem amerikanisch-russischen Gipfeltreffen in Genf beginnt in der Schweizheute eine neue Runde von Abrüstungsgesprächen zwischen den Atommächten. Es geht um Fragen der „strategischen Stabilität“, wie US-Präsident Joe Biden und der russische Präsident Wladimir Putin bei ihrem Gipfeltreffen am 16. Juni vereinbart hatten. Das voraussichtlich eintägige Treffen gilt als wichtiges Signal für die globale Sicherheit. Es sollen Themen für künftige Verhandlungen abgesteckt werden. Grundlage ist das einzige noch verbliebene große Abkommen zur Rüstungskontrolle zwischen den USA und Russland: der atomare Abrüstungsvertrag New Start. red, ORF.at/Agenturen",Religion,True
Erstes Urteil: Lebenslange Haft für Morde in US-Massagesalons,"Der Mörder von acht Menschen in Massagesalons im US-Bundesstaat Georgia ist wegen vier der Taten zu lebenslanger Haft verurteilt worden. Robert Aaron Long plädierte laut Medienberichten vor dem Gericht im Bezirk Cherokee gestern auf schuldig. Im Bezirk Fulton, wo er vier weitere Morde beging, droht ihm jedoch die Todesstrafe. Das Gericht im Bezirk Cherokee verhängte laut der Zeitung „Atlanta Journal-Constitution“ viermal lebenslange Haft plus 35 Jahre, ohne Aussicht auf Bewährung. Das Urteil sei Ergebnis eines Deals der Verteidigung gewesen, die den 22-Jährigen damit vor der Todesstrafe bewahrte. Die Staatsanwältin des benachbarten Bezirks Fulton, Fani Willis, will laut Gerichtsunterlagen hingegen erreichen, dass die Tat als Hassverbrechen eingestuft und Long zum Tode verurteilt wird. Long hatte im März in Atlanta und Umgebung acht Menschen in drei Massagestudios erschossen. Sechs der acht Opfer waren Frauen asiatischer Herkunft. Bei seiner Vernehmung bestritt er jedoch, dass er aus rassistischen Motiven gehandelt habe. Er gab an, er sei sexsüchtig und habe „Versuchungen beseitigen“ wollen. Der Angriff mit acht Todesopfern hatte landesweit Bestürzung ausgelöst, US-Präsident Joe Biden äußerte sich „sehr besorgt“ über die Gewalt gegen asiatischstämmige US-Bürger. red, ORF.at/Agenturen",Religion,True
Olympia: Medaille „das Ziel“ bei Canadier-Premiere,"Heute greifen die zwei heißesten Medaillenanwärter unter den fünf bei Olympia in Tokio engagierten österreichischen Kanuten ins Geschehen ein. Felix Oschmautz im Kajak und Nadine Weratschnig im Canadier haben eine starke Saison mit Podesträngen beim letzten Weltcup vor den Spielen hinter sich, beide fanden sich auch beim Training im Kasai Canoe Slalom Centre gut zurecht. Für Weratschnig geht es mit den Vorläufen um 5.50 Uhr (MESZ) los, für Oschmautz um 6.50 Uhr. Mehr dazu in sport.ORF.at/tokyo2020",Religion,True
Zadic fordert Ende der ständigen Politisierung der Justiz,"Justizministerin Alma Zadic (Grüne) hat in der neuerlich entflammten Justizdebatte ein „Ende der ständigen Politisierung der Debatte, aber auch der Staatsanwaltschaft“ gefordert. Die Entscheidung, dass Bundeskanzler Sebastian Kurz (ÖVP) im Verfahren um seine mutmaßliche Falschaussage im „Ibiza“-U-Ausschuss von einem Richter und nicht von der ermittelnden Wirtschafts- und Korruptionsstaatsanwaltschaft (WKStA) einvernommen werde, sei eine reine Rechtsfrage. Die Opposition sieht das anders. Lesen Sie mehr …",Religion,True
Regierung will Schwerpunkte festlegen,"             Der traditionelle Sommerministerrat der Regierung findet dieses Jahr in Niederösterreich statt. Im Schloss Reichenau an der Rax wollen die Ministerinnen und Minister am Mittwoch ihre Schwerpunkte für den Herbst festlegen. Im Fokus wird freilich auch die Coronavirus-Pandemie stehen. Inhaltsschwere Beschlüsse werden allerdings nicht erwartet.           Zuletzt hatten Fachleute vor zu viel Nachlässigkeit in der Coronavirus-Politik gewarnt. Zwar befinden sich die täglichen Infektionszahlen im Vergleich zum Winter und Frühjahr auf einem niedrigen Niveau, doch die Durchimpfung der Bevölkerung schritt in den letzten Wochen nur langsam voran. Auf der anderen Seite werden die Infektionszahlen im Herbst wieder steigen. Deshalb appellierte die Regierung, sich impfen zu lassen. Der Appell richtete sich speziell an die jüngere Bevölkerung. Konkrete Details über mögliche Vorkehrungen und weitere Pläne sind nicht bekannt. Eltern und Interessenvertreter fordern schon länger die Bekanntgabe von Maßnahmen für den Schulbeginn im Herbst. Anfang August sollen diese vorgestellt werden. Die Themen Bildung und Digitalisierung stehen auf dem Programm des Ministerrats. Daneben sollen auch die Pflege und die ökosoziale Steuerreform thematisiert werden. Die Politiker und Politikerinnen reisen individuell zum niederösterreichischen Kurort an. Kanzler Sebastian Kurz (ÖVP), der am Dienstag noch immer krank war, will bis dahin wieder fit sein. Dass die Pandemie weiterhin eine Rolle spielen wird, liegt auf der Hand. Die jüngst angekündigte Maßnahme betraf eine PCR-Testpflicht für Reiserückkehrer und -rückkehrerinnen. Die Testpflicht wird vorerst nur für Personen gelten, die via Direktflug aus Spanien, Zypern oder den Niederlanden einreisen und nicht entweder vollimmunisiert sind oder einen negativen PCR-Test vorweisen können. Die Details sind noch in Abstimmung. Die entsprechende Verordnung ist noch diese Woche zu erwarten, die PCR-Tests werden dann zeitnahe starten, hieß es aus dem Gesundheitsministerium am Dienstag. Ausgenommen von der Testpflicht sind vollständig Geimpfte und genesene Personen mit mindestens einer Impfung. Beim Vakzin von Johnson & Johnson ist ein Stich ausreichend. Wer keinen PCR-Test vorlegen kann, soll diesen am Zielflughafen nachholen. Dafür soll es kostenlose Testangebote geben. In Quarantäne muss man erst bei einem positiven Ergebnis. Wenn man den Test verweigert, drohen Strafen in der Höhe von bis zu 1.450 Euro. Ab welchem Alter Kinder getestet werden müssen, ist noch offen. Die Regierung hat die neue Testpflicht damit begründet, dass rund ein Drittel der Neuinfektionen auf Reisen zurückzuführen sind. Die EU empfiehlt Reiseeinschränkungen, wenn ein Land eine 14-Tage-Inzidenz von mehr als 75 aufweist und die Delta-Variante vorherrscht. Diese hatte zuletzt für die „2-G-Regel“ in der Nachtgastronomie gesorgt. Seit 22. Juli dürfen diese nur noch betreten werden, wenn man geimpft ist oder einen negativen PCR-Testnachweis vorzeigen kann. Neben kostenpflichtigen PCR-Tests wurde auch über eine Impfpflicht debattiert. „Eine generelle Impfpflicht wird es nicht geben in Österreich“, bekräftigte Gesundheitsminister Wolfgang Mückstein (Grüne), „das halte ich für nicht zielführend.“ Einer Verpflichtung bei Menschen, die im medizinischen Kontext arbeiten, könne er aber sehr wohl etwas abgewinnen. Die Bundesländer hätten bereits die Möglichkeit für eine Impfpflicht für Gesundheitsberufe – die Frage, ob er eine solche empfehle, bejahte Mückstein. ÖVP-Bildungsminister Heinz Faßmann (ÖVP) sprach sich zuletzt gegen eine nur Lehrer und Lehrerinnen betreffende Impfpflicht aus. Der Minister argumentierte, dass eine Impfpflicht breiter diskutiert werden müsse. So müssten alle Berufsgruppen mitgenommen werden, die engen Kontakt zu anderen Menschen haben. Anfang August will Faßmann ein Konzept für den Schulbetrieb im Herbst festlegen. „Das Virus wird uns weiter begleiten, dennoch muss für die Kinder der regelmäßige Schulbesuch möglich sein.“ Eine wichtige Rolle spiele dabei die Impfung: Für den Schutz der Kinder, für die zu einem guten Teil noch keine Impfung zugelassen ist, sei es wichtig, dass die Erwachsenen rundherum immunisiert seien – also Eltern und Lehrkräfte. „Auch für Schülerinnen und Schüler ab zwölf Jahren ist die Impfung eine gute Option.“ Die Bundesregierung stockt angesichts der Pandemie die Mittel zur akuten Bewältigung psychosozialer Probleme von Kindern und Jugendlichen auf. Bis Ende 2022 soll es in diesem Bereich zusätzlich 13 Millionen Euro geben, kündigten Mückstein und Faßmann vor dem Sommerministerrat an. Ende Juni haben beinahe alle der unmittelbar impfbereiten Personen bereits eine Erstimpfung erhalten. Das zeigen Daten aus dem Austrian Corona Panel der Universität Wien. Die Impfbereitschaft (71 Prozent) lag im Juni um 24 Prozentpunkte höher als noch im Jänner 2021. Der Anteil der Personen, die einer Impfung gegenüber zurückhaltend sind, war im gleichen Zeitraum um 15 Prozentpunkte gesunken und betrug im Juni 2021 rund 20 Prozent. Laut einer Untersuchung von European Covid Survey (ECOS) ist die Angst der Menschen in Europa vor Coronavirus-Mutationen und einer vierten Welle weiter groß. Trotz steigender Impfquoten würden mehr als 90 Prozent der Befragten mit Sorge in die Zukunft blicken. Dafür wurden den Angaben zufolge vom 21. Juni bis zum 6. Juli rund 8.000 Menschen in Deutschland, Dänemark, Frankreich, Großbritannien, Italien, den Niederlanden, Portugal und Spanien befragt. In der EU sind nach Angaben von EU-Kommissionspräsidentin Ursula von der Leyen 70 Prozent der Erwachsenen bereits mindestens einmal gegen das Coronavirus geimpft. 57 Prozent der über 18-Jährigen in den 27 EU-Staaten seien vollständig immunisiert, teilte von der Leyen heute mit. „Mit diesen Werten gehört Europa zur weltweiten Spitzengruppe (…), aber wir dürfen jetzt in unseren Anstrengungen nicht nachlassen.“ jkla, ORF.at/Agenturen",Religion,True
Frankreich: Ermittlungen gegen Ex-Justizministerin Dati,"Gegen die ehemalige französische Justizministerin Rachida Dati ist ein Ermittlungsverfahren wegen des Verdachts „passiver Bestechung“ und „Verschleierung von Amtsmissbrauch“ eingeleitet worden. Wie die Finanzstaatsanwaltschaft gestern in Paris mitteilte, geht es um Beraterdienste der Ex-Ministerin für den ehemaligen Renault-Nissan-Chef Carlos Ghosn zu einer Zeit, als sie als Abgeordnete im EU-Parlament saß. Die heutige Bürgermeisterin des VII. Pariser Bezirks war im November erstmals 16 Stunden lang von Ermittlungsrichtern vernommen worden, die sie damals als Zeugin mit Rechtsbeistand behandelten. Die Einleitung eines Ermittlungsverfahrens blieb ihr zunächst erspart. Neun Monate später wurde Dati nun erneut für eine Vernehmung einbestellt, die zur Einleitung eines Ermittlungsverfahrens führte. Seit dem Sommer 2019 ermitteln drei Untersuchungsrichter zu Verträgen, die die niederländische Filiale von Renault-Nissan, RNBV, mit Dati und dem französischen Kriminologen Alain Bauer geschlossen hatte, als Ghosn noch Chef der Gruppe war. Nach Angaben aus Ermittlerkreisen soll Dati, die jegliche Unregelmäßigkeiten zurückweist, zwischen 2010 und 2012 Beraterhonorare in Höhe von 900.000 Euro erhalten haben. Damals war sie auch Abgeordnete des EU-Parlaments. Die Richter wollen vor allem herausfinden, ob den Einnahmen konkrete Leistungen gegenüberstehen oder ob es sich um Gefälligkeitsdeal handelte mit dem Ziel, Lobbytätigkeiten zu verschleiern, die EU-Abgeordneten nicht gestattet sind. In der Amtszeit von Präsident Nicolas Sarkozy war Dati von 2007 bis 2009 Justizministerin. red, ORF.at/Agenturen",Religion,True
Iran: Zahl der Neuinfektionen so hoch wie nie,"Der Iran meldet als Teil einer fünften Welle 34.951 registrierte Coronavirus-Neuinfektionen am Tag und damit den zweiten Rekordstand in Folge. Gesundheitsminister Said Namaki kritisierte gestern dazu im staatlichen Fernsehen eine mangelnde Umsetzung der Vorschriften: „Wenn die Gesundheitsvorgaben weiter so eingehalten wie jetzt, besteht wenig Hoffnung, dass wir aus der ‚roten‘ Lage herauskommen.“ Den Behörden zufolge befolgen weniger als 40 Prozent der Bevölkerung die Vorschriften etwa zur Maskenpflicht. In dem Land mit 83 Millionen Menschen sind bisher lediglich 2,5 Millionen vollständig geimpft. red, ORF.at/Agenturen",Religion,True
Prozess zu Vatikan-Finanzskandal bis Oktober vertagt,"Im Vatikan hat gestern ein historisches Verfahren wegen eines großen Finanzskandals begonnen. Zehn Personen, darunter der einst prominente Kardinal Angelo Becciu, müssen sich vor Gericht verantworten. Es ist das erste Mal, dass ein Kardinal von der vatikanischen Strafverfolgung angeklagt wird. Die Angeklagten erschienen in der Früh in einem behelfsmäßigen Gerichtssaal, der für das Verfahren in den Vatikanischen Museen eingerichtet wurde. Nach achtstündigen Beratungen beschloss das Gericht die Vertagung des Verfahrens auf den 5. Oktober. Damit gab es einer Forderung der Verteidigung nach. Kardinal Becciu, der bis zu seiner Entlassung im September als Äquivalent eines Stabschefs für Papst Franziskus diente, werden Veruntreuung, Amtsmissbrauch und weitere Delikte vorgeworfen. Vor Gericht beteuerte er seine Unschuld und sein Vertrauen in die Justiz. „Der Kardinal ist überzeugt, seine Unschuld beweisen zu können“, sagte Beccius Anwalt Fabio Viglione nach der Gerichtsverhandlung. Seit Dienstag müssen sich zehn Personen wegen Betrugs, Amtsmissbrauchs, Veruntreuung bzw. Erpressung vor dem Vatikan-Gericht verantworten – erstmals auch ein Kardinal, denn bisher konnten Kardinäle nur von anderen Kardinälen oder dem Papst verurteilt werden. Eine Justizreform von Papst Franziskus hat das vor Kurzem geändert. Am Prozess beteiligte sich das vatikanische Staatssekretariat als Nebenkläger und wird von der prominenten Anwältin und ehemaligen italienischen Justizministerin Paola Severino vertreten. Das dreiköpfige Richterkollegium steht unter der Leitung von Gerichtspräsident Giuseppe Pignatone, der zu den angesehensten italienischen Staatsanwälten zählt. Er war 2019 von Papst Franziskus zum Präsidenten des vatikanischen Gerichts ernannt worden. Hintergrund des Prozesses ist ein missglückter Immobiliendeal im Londoner Stadtteil Chelsea, der in den Jahren 2018 und 2019 über die Bühne ging und für große Schlagzeilen sorgte. Das Geschäft hatte dem Vatikan als Staat damals hohe Verluste beschert. Auch aus dem Peterspfennig, der einmal jährlich weltweit gesammelten Kollekte für den Vatikan, soll für das Geschäft Geld entnommen worden sein. Die Anklagen lauten unter anderem auf Veruntreuung, Korruption, Erpressung, Geldwäsche, Betrug, Amtsmissbrauch und Urkundenfälschung. Mehr dazu in religion.ORF.at red, ORF.at/Agenturen",Religion,True
